Timestamp,User name,Task type,Start time,End time,Difficulty,Energy,Pressure
9/22/2025 10:07:58,khq,Work,5:00:00 PM,6:00:00 PM,1,-0.49972237645752315,0.0
9/22/2025 10:40:41,zjh,Rest,10:00:00 AM,10:30:00 AM,1,0.0,-0.49116997792494477
9/22/2025 10:41:23,syc,Work,9:00:00 AM,10:15:00 AM,3,-0.5674327293685382,0.8090786835248489
9/22/2025 10:45:52,zyx,Work,9:00:00 AM,10:20:00 AM,2,0.0,-0.9271506070782745
9/22/2025 10:47:21,zyx,Rest,10:20:00 AM,10:50:00 AM,1,0.0,0.0
9/22/2025 10:48:16,syc,Rest,10:15:00 AM,10:45:00 AM,1,0.9942004971002483,-0.49710024855012414
9/22/2025 11:06:32,khq,Rest,12:05:00 PM,1:30:00 PM,1,0.0,0.49238016070933766
9/22/2025 13:10:49,zyx,Work,10:20:00 AM,12:00:00 PM,3,0.0,0.946491849751949
9/22/2025 13:11:26,zyx,Food,12:00:00 PM,1:10:00 PM,1,-0.8416389811738649,-0.946491849751949
9/22/2025 13:11:34,syc,Food,12:00:00 PM,1:30:00 PM,1,1.883912006360986,-0.5154349423380593
9/22/2025 13:33:05,zjh,Work,10:30:00 AM,12:00:00 PM,2,-0.9459962756052143,0.43716625353015903
9/22/2025 13:33:25,zjh,Food,12:00:00 PM,1:30:00 AM,1,-0.9459962756052143,-0.054003724394785735
9/22/2025 15:45:42,zjh,Work,1:30:00 AM,3:00:00 AM,2,0.0,0.0
9/22/2025 17:02:35,zjh,Rest,3:00:00 PM,4:45:00 PM,1,1.0,0.0
9/22/2025 17:56:08,zyx,Work,1:10:00 PM,1:30:00 PM,2,0.3322259136212624,0.0
9/22/2025 17:57:21,zyx,Work,2:50:00 PM,3:30:00 PM,2,-0.17709202112871836,-0.1364922727996185
9/22/2025 17:57:48,zyx,Work,3:50:00 PM,4:30:00 PM,3,0.0,-0.17534094071806283
9/22/2025 17:58:31,zyx,Fun,5:00:00 PM,6:00:00 PM,2,0.0,-0.975609756097561
9/22/2025 17:59:15,zyx,Rest,4:30:00 PM,5:00:00 PM,1,0.0,0.0
9/22/2025 18:21:48,khq,Food,7:00:00 PM,8:00:00 PM,1,-0.3923278116826503,0.0
9/22/2025 18:22:34,khq,Rest,6:15:00 PM,7:00:00 PM,1,-0.29424585876198783,0.0
9/22/2025 18:28:11,zyx,Rest,1:30:00 PM,2:00:00 PM,1,0.4983388704318936,0.0
9/22/2025 18:28:44,zyx,Work,2:00:00 PM,2:50:00 PM,2,-0.8118337817505727,1.6458159577425633
9/22/2025 18:29:36,zyx,Food,6:00:00 PM,6:30:00 PM,1,-0.500579374275782,-0.024390243902439046
9/22/2025 18:30:53,jky,Work,9:00:00 AM,11:30:00 AM,2,-1.0,0.8542713606618102
9/22/2025 18:31:23,syc,Work,10:45:00 AM,12:00:00 PM,3,-1.3614044117738553,0.6807022058869276
9/22/2025 18:31:30,jky,Food,11:30:00 AM,12:00:00 PM,1,0.0,-0.57784911717496
9/22/2025 18:31:50,jky,Rest,12:00:00 PM,1:30:00 PM,1,0.9803609341825901,-0.02498372711998975
9/22/2025 18:31:52,syc,Work,1:30:00 PM,3:00:00 PM,2,-1.9734072022160665,1.5601825402655993
9/22/2025 18:32:17,jky,Work,1:30:00 PM,4:00:00 PM,2,-0.9803609341825901,1.9706629569035652
9/22/2025 18:32:25,syc,Rest,3:00:00 PM,3:30:00 PM,1,-0.02659279778393353,0.013296398891966987
9/22/2025 18:32:41,jky,Rest,4:00:00 PM,5:00:00 PM,1,-0.9023032143761074,-0.8926052370970825
9/22/2025 18:33:24,syc,Work,3:30:00 PM,5:00:00 PM,4,0.0,-0.7288343558282211
9/22/2025 18:33:45,jky,Work,5:00:00 PM,8:00:00 PM,3,0.9023032143761074,-2.0347544195976033
9/22/2025 18:33:55,syc,Rest,5:30:00 PM,6:30:00 PM,1,-0.86103781882146,0.713195249973205
9/22/2025 18:34:04,jky,Fun,8:00:00 PM,11:00:00 PM,1,0.0,-1.0739999220228869
9/22/2025 18:34:45,jky,Rest,11:00:00 PM,7:00:00 AM,1,-1.0,0.6932693670803252
9/22/2025 18:59:35,zyx,Work,6:30:00 PM,7:00:00 PM,1,-0.48551521908255646,0.006952703320830755
9/22/2025 20:50:09,syc,Work,6:30:00 PM,7:30:00 PM,4,0.0,-0.8027650797190322
9/22/2025 20:50:47,syc,Food,7:30:00 PM,9:00:00 PM,1,2.0654761904761907,-1.0493923514327128
9/22/2025 21:17:39,khq,Work,9:20:00 PM,12:00:00 AM,3,-11.331595239096606,0.0
9/22/2025 21:20:24,khq,Work,9:00:00 AM,10:20:00 AM,1,-1.2743309935595923,0.0
9/22/2025 21:20:40,khq,Rest,10:20:00 AM,10:40:00 AM,1,-0.3762935089369708,0.0
9/22/2025 21:20:57,khq,Work,10:40:00 AM,12:05:00 AM,1,-9.881393733265794,0.0
9/22/2025 21:21:54,khq,Rest,8:00:00 PM,9:20:00 PM,1,0.7907972899088263,0.0
9/22/2025 22:21:50,zyx,Fun,7:00:00 PM,8:00:00 PM,1,0.6586771567102736,0.3293385783551368
9/22/2025 22:22:23,zyx,Rest,8:00:00 PM,10:20:00 PM,1,1.3274174366480649,0.3448560310502926
9/22/2025 23:03:10,zjh,Work,4:45:00 AM,10:00:00 AM,4,0.0,0.0
9/22/2025 23:04:49,zjh,Fun,10:00:00 AM,11:00:00 AM,1,0.0,-0.9878587196467992
9/23/2025 0:20:49,khq,Work,12:00:00 AM,12:30:00 AM,2,0.05547679220859281,0.0
9/23/2025 0:33:51,zyx,Fun,10:20:00 PM,10:40:00 PM,1,0.0,0.0
9/23/2025 0:34:17,zyx,Fun,10:40:00 PM,11:40:00 AM,4,-0.3446749654218535,0.6553250345781465
9/23/2025 0:34:40,zyx,Rest,11:40:00 PM,12:40:00 AM,1,0.4266886326194399,1.0
9/23/2025 1:33:07,zyx,Work,12:40:00 AM,1:30:00 AM,3,-0.5491488193300382,0.0
9/23/2025 2:19:36,zyx,Work,1:30:00 AM,2:20:00 AM,2,-1.0241625480505219,0.0
9/23/2025 9:11:01,syc,Work,9:00:00 PM,11:00:00 PM,4,-2.024341637872416,1.0327426459933906
9/23/2025 9:11:19,zyx,Fun,2:20:00 AM,4:00:00 AM,1,0.0,0.0
9/23/2025 9:11:31,syc,Rest,11:00:00 PM,11:30:00 PM,1,-0.5040604872584711,0.2520302436292359
9/23/2025 9:11:37,zyx,Rest,4:00:00 AM,8:00:00 AM,1,3.9861332593773833,0.0
9/23/2025 9:11:51,khq,Food,12:00:00 PM,1:30:00 PM,1,1.5294276457883371,-0.9851280638942441
9/23/2025 9:12:06,zyx,Fun,8:00:00 AM,9:00:00 AM,1,0.013866740622616724,0.0
9/23/2025 9:13:18,zjh,Work,11:00:00 AM,12:30:00 PM,1,-1.0,0.0
9/23/2025 9:13:29,syc,Work,11:30:00 PM,12:30:00 AM,4,-1.9018573628498152,0.2436292355082612
9/23/2025 9:13:40,zjh,Fun,8:15:00 AM,9:00:00 AM,1,0.10073875083948991,0.0
9/23/2025 9:14:18,syc,Fun,12:30:00 AM,1:30:00 AM,1,0.5854011081667068,-0.12438868807144399
9/23/2025 10:14:37,khq,Work,9:00:00 AM,10:15:00 AM,1,-0.23848047707196596,0.0
9/23/2025 10:14:58,zjh,Work,9:00:00 AM,10:15:00 AM,1,0.0018282217744944873,0.0
9/23/2025 10:14:58,khq,Rest,10:15:00 AM,10:35:00 AM,1,-0.33361134278565485,0.0
9/23/2025 10:14:59,syc,Work,9:00:00 AM,10:15:00 AM,2,0.7605088495575223,-0.0051031256644691325
9/23/2025 10:15:55,zyx,Work,9:00:00 AM,10:15:00 AM,1,-1.0,0.24223085460599325
9/23/2025 10:35:51,zjh,Rest,10:15:00 AM,10:35:00 AM,1,0.0,0.0
9/23/2025 10:35:52,syc,Rest,10:15:00 AM,10:35:00 AM,1,-0.3318584070796464,0.0
9/23/2025 10:35:57,zyx,Rest,10:15:00 AM,10:35:00 AM,1,0.0,0.3329633740288569
9/23/2025 10:49:06,khq,Work,10:35:00 AM,11:59:00 AM,1,-0.4234083958854602,0.9686036904434041
9/23/2025 12:11:15,syc,Work,10:35:00 AM,12:00:00 PM,2,1.5496164842426587,0.0
9/23/2025 13:36:40,zjh,Food,12:00:00 PM,1:35:00 AM,1,0.017581764281807466,0.0
9/23/2025 14:01:38,zyx,Work,10:35:00 AM,11:50:00 AM,3,-0.8213001383125862,-0.39649436694743656
9/23/2025 14:02:21,zyx,Food,11:50:00 AM,1:00:00 PM,1,-1.1711600683336019,-0.17869986168741359
9/23/2025 14:02:44,syc,Food,12:00:00 PM,1:00:00 PM,1,-0.9660616562628368,0.9877947295423024
9/23/2025 14:02:49,zyx,Fun,1:00:00 PM,2:00:00 PM,1,0.9786594890088707,0.9861992823626828
9/23/2025 14:02:58,syc,Rest,1:00:00 PM,1:35:00 PM,1,-0.5781287496759746,0.012205270457697592
9/23/2025 14:59:28,khq,Work,1:30:00 PM,3:00:00 PM,1,-1.518214304787762,0.988786658999425
9/23/2025 15:00:26,khq,Rest,3:00:00 PM,3:20:00 PM,1,-0.3303447318746817,-0.30791804987353166
9/23/2025 15:02:24,syc,Work,1:35:00 PM,3:00:00 PM,4,-2.3837168085515072,0.0
9/23/2025 15:02:39,syc,Rest,3:00:00 PM,3:20:00 PM,1,-0.050359712230215736,0.6269078575466365
9/23/2025 17:35:19,khq,Work,3:20:00 PM,5:00:00 PM,3,-0.6808686091258933,-0.6808686091258933
9/23/2025 17:35:45,khq,Rest,5:00:00 PM,6:30:00 PM,1,0.6353476283300845,0.0
9/23/2025 20:14:38,zjh,Work,1:35:00 AM,3:00:00 AM,3,0.19028430714125832,0.0
9/23/2025 20:15:08,zjh,Rest,3:00:00 AM,3:20:00 AM,1,0.04477277815088421,0.0
9/23/2025 20:15:30,zjh,Work,3:20:00 AM,4:30:00 AM,2,0.15670472352809472,0.0
9/23/2025 20:15:58,zjh,Rest,4:30:00 AM,5:15:00 AM,1,0.10073875083948991,0.0
9/23/2025 21:15:40,zyx,Work,2:00:00 PM,4:00:00 PM,2,-1.9698058397397318,0.013800717637317161
9/23/2025 21:16:03,zyx,Work,4:00:00 PM,4:30:00 PM,3,-0.016393442622950838,0.47451621695284807
9/23/2025 21:16:39,zyx,Food,4:30:00 PM,5:30:00 AM,1,-1.4901199473063853,1.474516216952848
9/23/2025 21:17:16,zyx,Fun,5:30:00 PM,6:45:00 PM,1,1.5320018157058555,-1.0213345438039039
9/23/2025 21:17:53,zyx,Rest,6:45:00 PM,7:30:00 PM,1,0.9314897747742616,-0.5991829323649569
9/23/2025 21:18:30,zyx,Fun,7:30:00 PM,9:20:00 PM,2,-0.34608974668010006,0.31337437045327365
9/23/2025 22:38:36,zyx,Work,9:20:00 PM,10:40:00 PM,3,-0.6866256295467261,0.6866256295467263
9/23/2025 23:37:09,khq,Food,6:30:00 PM,8:00:00 PM,1,0.3646523716699155,0.0
9/23/2025 23:37:28,khq,Rest,8:00:00 PM,9:20:00 PM,1,1.0,0.0
9/23/2025 23:38:07,zyx,Fun,10:40:00 PM,11:30:00 PM,3,0.0,0.0
9/23/2025 23:38:58,khq,Work,9:20:00 PM,12:30:00 AM,1,0.9476052518029956,0.0
9/24/2025 0:23:11,zyx,Rest,11:30:00 PM,12:30:00 AM,1,2.300294025401559,1.827908267061217
9/24/2025 0:23:39,zjh,Work,5:15:00 PM,9:15:00 PM,3,-0.41488165686969847,0.7798287854467629
9/24/2025 0:24:09,zjh,Rest,9:15:00 PM,11:15:00 PM,1,-1.9261637239165328,-1.9261637239165328
9/24/2025 0:26:35,jky,Food,7:00:00 AM,8:00:00 AM,1,0.1311475409836067,0.13114754098360648
9/24/2025 0:26:58,jky,Work,8:00:00 AM,11:30:00 AM,2,-0.49220360024829324,0.004444444444444473
9/24/2025 0:27:25,jky,Food,11:30:00 AM,1:30:00 PM,1,-0.5033519553072625,0.7469212674692125
9/24/2025 0:27:50,jky,Work,1:30:00 PM,4:30:00 PM,3,-0.03438864628820948,-0.22972694432510776
9/24/2025 0:28:10,jky,Rest,4:30:00 PM,5:30:00 PM,1,0.5839262949011554,-0.9676566745311588
9/24/2025 0:28:31,jky,Work,5:30:00 PM,8:00:00 PM,2,-0.549537648612946,0.7592093963043118
9/24/2025 0:28:54,jky,Fun,8:00:00 PM,11:30:00 PM,1,0.0,2.382978723404255
9/24/2025 0:29:13,jky,Rest,11:30:00 PM,7:30:00 AM,1,-0.9299817850637524,2.7617439832577606
9/24/2025 1:06:34,zyx,Work,12:30:00 AM,1:05:00 AM,4,-0.5276142416596579,0.0
9/24/2025 1:35:19,zyx,Work,1:05:00 AM,1:35:00 AM,2,0.0,0.0
9/24/2025 1:49:38,zyx,Work,1:35:00 AM,1:50:00 AM,4,0.0,0.0
9/24/2025 9:03:31,syc,Work,3:30:00 PM,5:00:00 PM,4,1.9544956140350878,-0.9772478070175437
9/24/2025 9:03:57,syc,Food,5:00:00 PM,6:00:00 PM,1,-0.41447468806072196,0.43722688104317786
9/24/2025 9:04:27,syc,Rest,6:00:00 PM,8:00:00 PM,1,-0.5400209259743658,0.9966752010673026
9/24/2025 9:04:53,syc,Work,8:00:00 PM,11:00:00 PM,4,0.0,1.6059479553903349
9/24/2025 9:06:04,syc,Fun,11:00:00 PM,12:00:00 AM,1,-1.0,4.062602230483272
9/24/2025 9:06:42,syc,Food,12:00:00 AM,12:20:00 AM,1,0.0,0.0
9/24/2025 9:07:22,syc,Fun,12:20:00 AM,1:20:00 AM,1,0.038841022790438995,0.0
9/24/2025 9:08:52,zyx,Fun,1:50:00 AM,3:30:00 AM,1,0.24897109826589592,0.0
9/24/2025 9:09:13,zyx,Rest,3:30:00 AM,9:00:00 AM,1,1.7404645425458916,0.9894356408117875
9/24/2025 10:01:38,zyx,Rest,9:00:00 AM,9:30:00 AM,1,-0.479833636915322,-0.479833636915322
9/24/2025 10:02:05,zyx,Work,9:30:00 AM,10:00:00 AM,3,-0.5009741163373227,-0.5009741163373227
9/24/2025 10:28:33,zjh,Work,9:00:00 AM,10:15:00 AM,4,-1.0,1.7489901904212348
9/24/2025 10:51:14,khq,Work,9:00:00 AM,10:30:00 AM,1,-0.4669203747072599,0.0
9/24/2025 10:53:22,khq,Rest,10:30:00 AM,10:53:00 AM,1,-0.40398126463700246,0.0
9/24/2025 10:53:49,zjh,Rest,10:30:00 AM,10:53:00 AM,1,0.0,-0.39815349105597253
9/24/2025 10:53:59,syc,Work,9:00:00 AM,10:30:00 AM,3,-0.5060173087849669,0.0
9/24/2025 10:54:19,syc,Rest,10:30:00 AM,10:55:00 AM,1,0.41551246537396125,0.0
9/24/2025 11:45:44,khq,Work,10:53:00 AM,11:45:00 PM,1,-0.12909836065573765,2.6384574183181573
9/24/2025 11:45:58,khq,Food,11:45:00 AM,1:20:00 PM,1,0.9629998409671345,0.0
9/24/2025 14:29:56,khq,Work,1:26:00 PM,2:30:00 PM,1,-1.512679628557601,0.0
9/24/2025 14:51:33,khq,Rest,2:30:00 PM,2:50:00 PM,1,-0.7102693104468782,0.0
9/24/2025 17:18:36,khq,Work,2:50:00 PM,4:00:00 PM,1,-0.3847292098253918,0.0
9/24/2025 17:18:57,khq,Rest,4:00:00 PM,5:15:00 PM,1,0.5991425509110395,0.0
9/24/2025 20:36:05,khq,Work,5:15:00 PM,6:30:00 PM,1,0.4008574490889605,0.0
9/24/2025 20:36:21,khq,Food,7:00:00 PM,8:00:00 PM,1,0.0,0.0
9/25/2025 20:36:21,khq,Work,8:10:00 PM,8:30:00 PM,1,0.0,0.0
9/26/2025 20:36:21,khq,Rest,8:30:00 PM,9:50:00 PM,1,0.0,0.0
9/27/2025 20:36:21,khq,Work,9:53:00 PM,10:23:00 PM,3,-0.4151495188552059,0.0
9/28/2025 20:36:21,khq,Rest,10:23:00 PM,11:00:00 PM,1,0.0,0.0
9/29/2025 20:36:21,khq,Work,11:00:00 PM,12:30:00 AM,1,-6.994260820804223,0.0
9/25/2025 11:01:43,jky,Food,7:30:00 AM,8:00:00 AM,2,0.0,0.0
9/25/2025 11:02:01,jky,Work,8:00:00 AM,11:30:00 AM,2,0.0,-0.4924832962138086
9/25/2025 11:02:20,jky,Food,11:30:00 AM,12:30:00 PM,1,0.0,-0.5075167037861914
9/25/2025 11:02:52,jky,Rest,12:30:00 PM,1:30:00 PM,1,0.0,0.43034825870646776
9/25/2025 11:03:15,jky,Work,1:30:00 PM,5:00:00 PM,3,0.0,1.0013652556654553
9/25/2025 11:03:53,jky,Rest,5:00:00 PM,6:00:00 PM,1,0.0,-0.28585040495474034
9/25/2025 11:04:14,jky,Work,6:00:00 PM,10:30:00 PM,2,0.0,-1.2863268222963313
9/25/2025 11:04:38,jky,Fun,10:30:00 PM,12:00:00 AM,1,0.0,-1.1404637128791486
9/25/2025 11:04:56,jky,Rest,12:00:00 AM,7:30:00 AM,1,0.0,0.0
9/26/2025 9:27:11,zyx,Work,10:00:00 AM,11:45:00 AM,1,-1.0,-0.7509243697478991
9/26/2025 9:27:34,zyx,Food,11:45:00 AM,1:20:00 PM,1,-0.6937269372693726,1.0
9/26/2025 9:28:20,zyx,Rest,1:20:00 PM,2:00:00 PM,1,0.681237581606585,0.0
9/26/2025 9:28:52,zyx,Work,2:00:00 PM,5:00:00 PM,2,-0.2348090649523411,-0.7527015793848713
9/26/2025 9:29:33,zyx,Rest,5:00:00 PM,5:30:00 PM,1,-0.12468827930174564,0.12468827930174564
9/26/2025 9:30:05,zyx,Fun,5:30:00 PM,6:30:00 PM,1,-0.24937655860349128,0.24937655860349128
9/26/2025 9:31:30,zyx,Rest,6:30:00 PM,7:30:00 PM,1,-0.24937655860349128,0.24937655860349128
9/26/2025 9:32:07,zyx,Food,7:30:00 PM,8:00:00 PM,1,-0.12468827930174564,0.12468827930174564
9/26/2025 9:32:35,zyx,Work,8:00:00 PM,8:30:00 PM,2,0.4819600829575892,-0.4819600829575892
9/26/2025 9:33:00,zyx,Fun,8:30:00 PM,9:30:00 PM,1,0.02261942777749759,-0.5134680134680134
9/26/2025 9:33:23,zyx,Work,9:30:00 PM,10:20:00 PM,3,-0.1894590221095389,0.0
9/26/2025 9:35:25,zyx,Fun,10:20:00 PM,3:00:00 AM,1,-1.6803076078000547,0.0
9/26/2025 9:35:41,zyx,Rest,3:00:00 AM,9:00:00 AM,1,0.0,0.0
9/26/2025 9:36:14,zyx,Rest,9:00:00 AM,10:00:00 AM,1,0.0,0.7509243697478991
9/26/2025 9:36:39,zyx,Work,10:00:00 AM,12:00:00 PM,2,-1.0,-0.7509243697478991
9/26/2025 9:37:05,zyx,Food,12:00:00 PM,2:00:00 PM,2,-0.012489355662787638,1.0
9/26/2025 9:37:40,zyx,Fun,2:00:00 PM,4:30:00 PM,1,-0.11012078565059547,-0.8773898586866169
9/26/2025 9:37:58,zyx,Rest,4:30:00 PM,6:00:00 PM,1,-0.3740648379052369,0.3740648379052369
9/26/2025 9:38:21,zyx,Fun,6:00:00 PM,8:00:00 PM,4,-0.49875311720698257,0.49875311720698257
9/26/2025 9:38:43,zyx,Rest,8:00:00 PM,9:00:00 PM,1,0.9870105880080939,-0.9870105880080942
9/26/2025 9:39:11,zyx,Food,9:00:00 PM,10:00:00 PM,1,-0.9815991305175995,-0.008417508417508435
9/26/2025 9:40:02,zyx,Fun,10:00:00 PM,12:00:00 AM,1,-1.9900166389351082,0.0
9/26/2025 9:40:21,zyx,Rest,12:00:00 AM,8:00:00 AM,1,0.0,0.0
9/26/2025 9:40:42,zyx,Fun,8:00:00 AM,9:00:00 AM,1,0.0,0.0
9/26/2025 10:11:48,zyx,Work,9:00:00 AM,10:10:00 AM,1,0.0,0.9526050420168066
9/26/2025 13:02:56,zyx,Fun,10:10:00 AM,11:20:00 AM,2,-1.0,-0.9526050420168066
9/26/2025 13:03:21,zyx,Food,11:20:00 AM,12:15:00 PM,1,-0.2211485367200443,0.2211485367200441
9/26/2025 15:01:00,zyx,Work,12:15:00 PM,2:30:00 PM,3,-0.2677156058189314,0.28998732074098044
9/26/2025 15:01:42,zyx,Rest,2:30:00 PM,3:00:00 PM,1,-0.5011135857461024,-0.5011135857461024
9/27/2025 12:47:28,zyx,Fun,3:00:00 PM,8:00:00 PM,2,1.3943907675791731,-0.6622850185112472
9/27/2025 12:47:56,zyx,Rest,8:00:00 PM,11:00:00 PM,1,0.6056092324208269,-0.30280461621041344
9/27/2025 12:48:24,zyx,Work,11:00:00 PM,3:00:00 AM,1,1.8026330407732476,-1.9013165203866236
9/27/2025 12:48:40,zyx,Rest,3:00:00 AM,10:00:00 AM,1,1.3998444617264751,-0.6999222308632373
9/27/2025 12:48:54,zyx,Fun,10:00:00 AM,11:00:00 AM,1,0.19997778024663937,-0.09998889012331968
9/27/2025 12:49:15,zyx,Work,11:00:00 AM,11:30:00 AM,1,0.09998889012331968,-0.04999444506165984
9/27/2025 12:49:33,zyx,Food,11:30:00 AM,12:50:00 PM,2,-1.540532786224273,-0.8730883017889499
9/27/2025 15:23:43,zyx,Work,12:50:00 PM,3:25:00 PM,3,-0.35664530509891357,0.45342808929030576
9/27/2025 16:01:14,zyx,Rest,3:25:00 PM,3:50:00 PM,1,0.0,-0.4451038575667654
9/28/2025 0:13:14,zyx,Work,3:50:00 PM,4:40:00 PM,2,0.0,0.0
9/28/2025 0:13:58,zyx,Food,4:40:00 PM,5:10:00 PM,1,0.0,0.0
9/28/2025 0:14:21,zyx,Fun,5:10:00 PM,8:00:00 PM,1,0.0,-0.9963727678571428
9/28/2025 0:14:39,zyx,Rest,8:00:00 PM,9:00:00 PM,1,-0.9925020827547906,-0.0036272321428572063
9/28/2025 0:15:04,zyx,Fun,9:00:00 PM,10:30:00 PM,1,-1.4995834490419324,0.0
9/28/2025 0:15:22,zyx,Fun,10:20:00 PM,11:20:00 PM,3,-0.9997222993612884,0.0
9/28/2025 0:15:49,zyx,Rest,11:20:00 PM,12:10:00 AM,1,-3.0134556043557112,-0.15586592178770942
9/28/2025 0:35:03,zyx,Work,12:10:00 AM,1:40:00 AM,1,-1.5241323198701913,0.7620661599350957
9/28/2025 10:36:13,zyx,Rest,1:40:00 AM,9:00:00 AM,1,1.822197680839315,-0.9110988404196576
9/28/2025 10:36:29,zyx,Fun,9:00:00 AM,10:30:00 AM,1,0.6001039229119303,0.4067293183912173
9/28/2025 14:14:09,zyx,Work,10:30:00 AM,11:50:00 AM,3,-1.4094758376345164,0.5864374403056352
9/28/2025 14:14:30,zyx,Food,11:50:00 AM,1:00:00 PM,1,-0.1769616026711187,-0.9753694581280787
9/28/2025 14:14:50,zyx,Work,1:00:00 PM,2:15:00 PM,4,1.0,0.9753694581280787
9/28/2025 14:50:50,zyx,Rest,2:15:00 PM,2:50:00 PM,1,0.0,0.0
9/28/2025 15:25:52,jky,Food,7:30:00 AM,8:00:00 AM,1,-0.5516395954642963,0.0
9/28/2025 15:26:14,jky,Rest,8:00:00 AM,9:00:00 AM,1,-1.1032791909285935,0.0
9/28/2025 15:26:44,jky,Work,9:00:00 AM,11:45:00 AM,2,-1.882064113440495,0.0
9/28/2025 15:27:05,jky,Food,11:45:00 AM,12:30:00 PM,1,0.535144101181837,0.0
9/28/2025 15:27:21,jky,Rest,12:30:00 PM,1:30:00 PM,1,0.0,0.0
9/28/2025 15:27:39,jky,Work,1:30:00 PM,5:00:00 PM,2,0.3447729180266714,-0.3447729180266714
9/28/2025 15:27:55,jky,Rest,5:00:00 PM,8:00:00 PM,1,-0.3447729180266714,-0.6508816936918596
9/28/2025 15:28:11,jky,Work,8:00:00 PM,11:00:00 PM,2,0.0,-1.5138772077375946
9/28/2025 15:28:28,jky,Fun,11:00:00 PM,12:00:00 AM,1,-11.276432730615998,-2.5095318194561256
9/28/2025 15:28:44,jky,Rest,12:00:00 AM,7:30:00 AM,1,-8.27459393196445,0.0
9/29/2025 0:02:20,zyx,Work,2:50:00 PM,5:00:00 PM,3,-1.16314451213976,0.0
9/29/2025 0:02:41,zyx,Fun,5:00:00 PM,8:00:00 PM,3,-0.8189207829986609,0.7537313432835822
9/29/2025 0:03:01,zyx,Food,8:00:00 PM,9:00:00 PM,1,-0.24875621890547261,-0.24875621890547261
9/29/2025 0:03:33,zyx,Rest,9:00:00 PM,11:30:00 PM,1,-0.6218905472636818,-0.6218905472636818
9/29/2025 1:39:51,zyx,Work,11:30:00 PM,1:40:00 AM,2,-0.2821932006633501,-0.11691542288557222
9/29/2025 11:03:25,zyx,Rest,1:40:00 AM,8:20:00 AM,1,1.6666666666666665,0.0
9/29/2025 11:03:43,zyx,Fun,8:20:00 AM,9:20:00 AM,1,0.16805555555555562,0.16146688560481648
9/29/2025 11:04:17,zyx,Work,9:20:00 AM,10:10:00 AM,4,0.0,0.41050903119868654
9/29/2025 11:10:11,zjh,Rest,10:00:00 AM,11:10:00 AM,1,0.0,1.160220994475138
9/29/2025 11:36:29,khq,Work,9:00:00 AM,11:40:00 PM,2,-0.5516326933073956,0.0
9/29/2025 12:55:01,khq,Food,11:55:00 AM,12:55:00 PM,1,0.8924789573717078,0.0
9/29/2025 13:56:12,zjh,Work,11:10:00 AM,1:00:00 PM,3,0.0,1.8232044198895025
9/29/2025 13:56:31,zjh,Fun,1:00:00 PM,2:00:00 PM,1,0.0,-1.921862517668454
9/29/2025 15:17:00,zyx,Work,10:10:00 AM,11:50:00 AM,3,-0.822686909195073,0.428024083196497
9/29/2025 15:17:18,zyx,Food,11:50:00 AM,12:10:00 PM,1,-0.33798786956598903,-0.16067477876106206
9/29/2025 15:17:49,zyx,Fun,12:10:00 PM,1:30:00 PM,1,-0.10380639918031864,-0.8393252212389379
9/29/2025 15:18:17,zyx,Rest,1:30:00 PM,2:30:00 PM,1,1.500208362272538,0.0
9/29/2025 15:18:42,zyx,Fun,2:30:00 PM,3:20:00 PM,2,0.5320250315835926,0.0
9/29/2025 17:48:18,zyx,Work,3:20:00 PM,5:15:00 PM,3,-1.3743651030773831,0.0
9/29/2025 17:49:07,zyx,Fun,5:15:00 PM,5:50:00 PM,1,-0.3933871128373667,0.0
9/29/2025 17:58:26,khq,Work,12:55:00 PM,5:45:00 PM,3,-1.385636484092315,0.0
9/29/2025 22:28:31,khq,Rest,5:45:00 PM,6:30:00 PM,1,0.2697033263410247,0.0
9/29/2025 22:28:53,khq,Food,6:30:00 PM,7:40:00 PM,1,-0.3045178275924454,0.0
9/29/2025 22:29:19,khq,Rest,7:40:00 PM,9:50:00 PM,1,0.25690003954805585,0.0
9/29/2025 22:29:41,khq,Fun,9:50:00 PM,10:10:00 PM,1,0.14470034969251167,0.0
9/29/2025 22:30:00,khq,Work,10:10:00 PM,12:30:00 AM,2,-7.356011695035503,0.0
9/29/2025 23:47:16,zjh,Work,2:00:00 PM,6:00:00 PM,3,-1.045680944926711,1.50170990190935
9/29/2025 23:47:33,zjh,Rest,6:00:00 PM,8:00:00 PM,1,1.9071517487380962,-1.568521417390067
9/29/2025 23:47:52,zjh,Work,8:00:00 PM,11:00:00 PM,2,2.6386513559736136,0.0
9/29/2025 23:48:17,zjh,Fun,11:00:00 PM,1:00:00 AM,1,3.5001221597849987,9.945027624309393
9/30/2025 11:37:45,zyx,Work,5:50:00 PM,9:30:00 PM,4,0.552979226671936,-1.037434111292635
9/30/2025 11:38:07,zyx,Food,9:30:00 PM,11:30:00 PM,2,-0.9948873842752524,-0.9948873842752521
9/30/2025 11:38:49,zyx,Fun,11:30:00 PM,2:30:00 AM,1,-1.5084269844179303,-0.37277090550176606
9/30/2025 11:39:22,zyx,Rest,2:30:00 AM,11:30:00 AM,1,1.634836137951913,0.8174180689759567
9/30/2025 12:51:42,zjh,Rest,10:00:00 AM,12:30:00 PM,1,0.0,0.0
9/30/2025 15:24:39,syc,Work,11:00:00 AM,12:00:00 PM,3,-1.0021341746311592,-0.6680894497541061
9/30/2025 15:25:05,syc,Food,12:00:00 PM,12:30:00 PM,1,-0.5010670873155796,-0.33404472487705306
9/30/2025 15:25:21,syc,Rest,12:30:00 PM,1:00:00 PM,1,-0.5010670873155796,-0.33404472487705306
9/30/2025 15:25:39,syc,Work,1:00:00 PM,3:00:00 PM,3,-2.0042683492623175,-1.3361788995082113
9/30/2025 15:25:57,syc,Fun,3:00:00 PM,3:30:00 PM,1,-0.5010670873155796,-0.33404472487705306
9/30/2025 21:06:06,zyx,Work,11:30:00 AM,1:40:00 PM,2,-1.1239014164499834,1.264678972773621
9/30/2025 21:06:27,zyx,Work,1:40:00 PM,5:30:00 PM,4,-1.6608158268854911,-0.3391841731145089
9/30/2025 21:06:53,zyx,Fun,5:30:00 PM,6:30:00 PM,2,0.2500868357068424,-0.2500868357068424
9/30/2025 21:07:14,zyx,Food,6:30:00 PM,7:20:00 PM,1,0.20840569642236906,-0.20840569642236906
9/30/2025 21:07:32,zyx,Rest,7:20:00 PM,9:00:00 PM,1,0.41681139284473767,-0.41681139284473767
9/30/2025 23:04:33,zyx,Work,9:00:00 PM,10:00:00 PM,2,-0.48768426580187896,-0.4942143109564465
9/30/2025 23:04:53,zyx,Fun,10:00:00 PM,11:00:00 PM,2,-0.49744369213762596,-0.4974436921376262
10/1/2025 2:17:48,zyx,Work,11:00:00 PM,11:40:00 PM,2,0.6666666666666661,0.0
10/1/2025 2:18:17,zyx,Fun,11:40:00 PM,12:40:00 AM,1,4.426888743351591,-2.1915138525045648
10/1/2025 2:18:33,zyx,Rest,12:40:00 AM,1:00:00 AM,1,0.19052155275065485,-0.047630388187664074
10/1/2025 2:18:48,zyx,Work,1:00:00 AM,2:20:00 AM,3,0.7620862110026196,-0.19052155275065497
10/1/2025 20:34:07,zyx,Rest,2:20:00 AM,8:30:00 AM,1,3.5246487258871158,-0.8811621814717787
10/1/2025 20:34:26,zyx,Work,8:30:00 AM,12:00:00 PM,3,-2.6465540293249874,0.8631532196083884
10/1/2025 20:35:38,zyx,Food,12:00:00 PM,12:30:00 PM,1,0.0658841364376479,-0.0658841364376479
10/1/2025 20:35:54,zyx,Work,12:30:00 PM,7:00:00 PM,4,-0.13053118673479247,-0.88171484722012
10/1/2025 20:36:18,zyx,Fun,7:00:00 PM,8:35:00 PM,2,0.0,0.7953644395821104
10/2/2025 2:34:21,zjh,Work,12:15:00 AM,3:00:00 AM,3,0.0,3.2846715328467155
10/2/2025 8:53:18,zyx,Work,8:35:00 PM,9:05:00 PM,1,-1.0422698320787491,0.0
10/2/2025 8:54:16,zyx,Rest,9:05:00 PM,10:25:00 PM,1,-2.779386218876665,0.0
10/2/2025 8:54:38,zyx,Fun,10:25:00 PM,2:00:00 AM,1,-10.293838999106143,2.4235436893203883
10/2/2025 8:54:55,zyx,Rest,2:00:00 AM,8:00:00 AM,1,-3.2766990291262132,3.2766990291262137
10/2/2025 13:24:20,zjh,Rest,3:00:00 AM,10:30:00 AM,1,0.0,8.95819508958195
10/2/2025 13:24:36,zjh,Fun,10:30:00 AM,12:30:00 PM,1,0.0,2.3888520238885205
10/2/2025 16:47:00,zjh,Work,12:30:00 PM,5:00:00 PM,3,-2.2974654377880186,2.066688785666888
10/2/2025 19:01:29,zyx,Work,8:00:00 AM,12:40:00 PM,4,-2.901695038359252,-0.11770647430105718
10/2/2025 19:01:51,zyx,Food,12:40:00 PM,1:40:00 PM,1,0.009745229506629371,-0.4805540141632163
10/2/2025 19:02:16,zyx,Work,1:40:00 PM,6:15:00 PM,3,-0.2548948513415521,1.140315598585879
10/2/2025 20:05:51,zyx,Work,6:15:00 PM,7:20:00 PM,1,0.30444904293843766,-0.6996594928658686
10/2/2025 20:06:55,zyx,Food,7:20:00 PM,8:05:00 PM,1,0.6891815303099698,-0.6955509570615623
10/3/2025 2:38:39,zjh,Food,5:00:00 PM,6:30:00 PM,1,,
10/3/2025 2:39:07,zjh,Fun,6:30:00 PM,8:00:00 PM,1,,
10/3/2025 2:39:23,zjh,Work,8:00:00 PM,11:00:00 PM,3,,
10/3/2025 2:39:40,zjh,Rest,11:00:00 PM,12:00:00 AM,1,,
10/3/2025 4:32:18,zjh,Work,12:00:00 AM,4:30:00 AM,3,,
